sep=,
sprint,velocity,storyPoints,duration,idlePeriod
1,1.4983351831298557,72,48,32
2,1.423339437323123,114,80,0
3,1.4106661340257665,113,80,0
4,1.359463864036984,109,80,0
5,2.1086062373093144,108,51,29
6,2.022572912504994,162,80,0
7,1.947857356907402,156,80,0
8,2.0538820220561025,148,72,8
9,2.7673984119570294,158,57,23
10,2.766641961999731,219,79,1
11,2.7854441377900443,218,78,2
12,2.7525519784234063,215,78,2
13,2.9922423346878464,216,72,8
14,2.2980571736422104,182,79,1
