sep=,
sprint,velocity,storyPoints,duration,idlePeriod
1,1.5188082556591211,73,48,32
2,1.4736246170241107,118,80,0
3,1.384776606008184,111,80,0
4,1.2728785357737105,102,80,0
5,2.037026772351865,98,48,32
6,1.9589086674430212,157,80,0
7,2.0473157415832577,156,76,4
8,2.3057491971488995,157,68,12
9,2.545662528597682,181,71,9
10,2.578610919143055,199,77,3
11,2.554633751517604,202,79,1
12,2.6113671274961594,204,78,2
13,2.8917378917378915,203,70,10
14,2.8940450914973206,229,79,1
