sep=,
sprint,velocity,storyPoints,duration,idlePeriod
1,0.9368130037972153,75,80,0
2,1.1228011810205016,72,64,16
3,1.0995235397994203,88,80,0
4,1.0612265281662006,85,80,0
5,2.1530597955468425,82,38,42
6,2.123584277148568,170,80,0
7,2.099580083983203,168,80,0
8,2.764332341578223,166,60,20
9,2.69066226504076,213,79,1
10,2.7892133121151317,215,77,3
11,2.9277901705404044,217,74,6
12,3.3856779072459298,234,69,11
13,3.532656277359482,269,76,4
14,3.4795660776420827,136,39,41
