sep=,
sprint,velocity,storyPoints,duration,idlePeriod
1,2.944297082228117,74,25,55
2,3.547990981560512,235,66,14
3,3.5453536101204493,281,79,1
4,3.592982815057283,281,78,2
5,3.5520805636798722,285,80,0
6,3.492770679219906,277,79,1
7,3.655229858575834,275,75,5
8,3.638545603104892,285,78,2
9,3.507002136244956,197,56,24
