sep=,
sprint,velocity,storyPoints,duration,idlePeriod
1,1.9423063088986403,72,37,43
2,2.0909256559766765,153,73,7
3,2.1100778328110783,167,79,1
4,2.122212490736374,168,79,1
5,2.1806908148251947,166,76,4
6,2.1642988866880675,169,78,2
7,2.8570772902515142,166,58,22
8,3.327144811412937,227,68,12
9,3.4796386428096224,265,76,4
10,3.49930184245479,274,78,2
11,3.5920814559903502,270,75,5
12,3.315744438106104,93,28,52
