sep=,
sprint,velocity,storyPoints,duration,idlePeriod
1,2.5429184549356223,79,31,49
2,3.561422669642433,200,56,24
3,3.5135317313201444,278,79,1
4,3.6302032913843174,280,77,3
5,3.6051694887062973,289,80,0
6,3.5801011243430243,287,80,0
7,3.595066698509092,281,78,2
8,3.612935826174836,286,79,1
9,3.4357139740849,210,61,19
