sep=,
sprint,velocity,storyPoints,duration,idlePeriod
1,1.6775480594849472,74,44,36
2,2.2882639016333273,133,58,22
3,2.5200310157663477,182,72,8
4,2.5923749611143756,200,77,3
5,2.5844421699078812,202,78,2
6,2.577232759491965,204,79,1
7,3.1470079703116434,199,63,17
8,3.2921198978699593,251,76,4
9,3.423672765177384,254,74,6
10,3.5573122529644268,264,74,6
11,3.438195528684849,276,80,0
12,1.4611907730673317,25,17,63
