sep=,
sprint,velocity,storyPoints,duration,idlePeriod
1,1.7111350529184357,72,42,38
2,2.072332064349748,135,65,15
3,2.0711874808223385,162,78,2
4,2.0729684908789388,160,77,3
5,2.0562626699012996,165,80,0
6,2.130379207498935,160,75,5
7,2.3222351741221043,170,73,7
8,3.0633659791488017,181,59,21
9,3.4649606448914407,243,70,10
10,3.420105001009625,271,79,1
11,3.519400476257179,268,76,4
12,3.319741834198247,203,61,19
