sep=,
sprint,velocity,storyPoints,duration,idlePeriod
1,0.8989512235724988,72,80,0
2,1.2654467680608363,71,56,24
3,1.8673273184440171,101,54,26
4,1.945048012896895,148,76,4
5,2.2027725563909772,150,68,12
6,2.299323779825514,175,76,4
7,2.5012178214111738,178,71,9
8,2.682808455565142,199,74,6
9,2.8604324829993164,212,74,6
10,3.0584198613157043,227,74,6
11,3.385085025095513,241,71,9
12,3.766019635764071,268,71,9
13,3.602726387536514,148,41,39
