sep=,
sprint,velocity,storyPoints,duration,idlePeriod
1,1.087042846364611,73,67,13
2,1.541662488719543,82,53,27
3,1.4963091042096164,120,80,0
4,1.5930919837458442,115,72,8
5,2.19214866213583,123,56,24
6,2.3207282409239736,172,74,6
7,2.8209550725240016,181,64,16
8,3.164316393629557,222,70,10
9,3.1296271368959485,248,79,1
10,3.3414774360448405,248,74,6
11,3.729390211986391,266,71,9
12,3.6876992784024165,293,79,1
13,1.2034002458009014,47,39,41
