sep=,
sprint,velocity,storyPoints,duration,idlePeriod
1,1.7123287671232876,72,42,38
2,2.1034153232507897,135,64,16
3,2.137372013651877,167,78,2
4,2.1625264450965673,169,78,2
5,2.136211952674689,169,79,1
6,2.2515639605953837,167,74,6
7,2.5322194783145546,175,69,11
8,3.252767849359254,199,61,19
9,3.51054529559611,257,73,7
10,3.5537753536730863,278,78,2
11,3.634688235896386,284,78,2
12,3.360929667324928,118,35,45
