sep=,
sprint,velocity,storyPoints,duration,idlePeriod
1,1.9000909445238405,78,41,39
2,2.2056193617613165,148,67,13
3,2.3387668320340187,176,75,5
4,2.561191715583121,185,72,8
5,2.7769671323824463,203,73,7
6,2.839068308154009,222,78,2
7,3.057760695427278,227,74,6
8,3.101671748501735,236,76,4
9,3.1904278411875917,243,76,4
10,3.396958912973148,252,74,6
11,3.483733941152093,269,77,3
12,2.0631758679567445,29,14,66
