sep=,
sprint,velocity,storyPoints,duration,idlePeriod
1,1.420963695017666,74,52,28
2,1.4880952380952381,112,75,5
3,1.9599592505647339,118,60,20
4,2.1678806798473813,150,69,11
5,2.2795942591993095,169,74,6
6,2.259863492591976,181,80,0
7,2.9947677620708646,174,58,22
8,3.1021066283430896,236,76,4
9,3.4357892335766422,241,70,10
10,3.490001383891503,269,77,3
11,3.533267333492643,276,78,2
12,3.611161772752143,264,73,7
