sep=,
sprint,velocity,storyPoints,duration,idlePeriod
1,1.2780708716560063,73,57,23
2,1.6403636675529634,102,62,18
3,1.9490330378726832,129,66,14
4,2.7039848197343455,152,56,24
5,2.7444148749912456,209,76,4
6,2.894276976845784,212,73,7
7,2.902281445588532,230,79,1
8,1.0962701612903225,87,79,1
9,1.6022273586888,122,76,4
10,3.0155642023346307,124,41,39
11,3.375299077133417,237,70,10
12,3.356890459363958,266,79,1
13,2.5349767942422816,201,79,1
14,1.350716466995537,46,34,46
