sep=,
sprint,velocity,storyPoints,duration,idlePeriod
1,1.5197128466392638,70,46,34
2,1.8879504035949073,121,64,16
3,2.1415160760384886,146,68,12
4,2.5866241781291595,171,66,14
5,3.0039857762494626,205,68,12
6,3.0961757695097942,239,77,3
7,3.0962128966223132,242,78,2
8,3.0795638126009695,244,79,1
9,3.5302287896909603,244,69,11
10,3.6741549443627965,280,76,4
11,3.7547905948969373,290,77,3
12,0.6648936170212766,8,12,68
