sep=,
sprint,velocity,storyPoints,duration,idlePeriod
1,1.4572808527174819,70,48,32
2,1.448454981353223,116,80,0
3,1.4111359019614373,113,80,0
4,1.907807151007988,107,56,24
5,1.8490754622688654,148,80,0
6,1.8096046325878594,145,80,0
7,2.765826674861709,144,52,28
8,2.554283936104004,197,77,3
9,2.5540308169526957,202,79,1
10,2.5352545498002526,198,78,2
11,2.8368052915684636,199,70,10
12,2.8410060403371666,222,78,2
13,2.9670037253858434,223,75,5
14,2.6441827978447416,106,40,40
