sep=,
sprint,velocity,storyPoints,duration,idlePeriod
1,1.0385229895260075,78,75,5
2,2.4384989031651516,83,34,46
3,2.526866857873458,195,77,3
4,2.5950659146742328,200,77,3
5,2.5277206700144923,200,79,1
6,2.500168361505825,198,79,1
7,2.276176024279211,180,79,1
8,2.6883372250215065,175,65,15
9,2.786803083197954,215,77,3
10,3.155700810207836,215,68,12
11,3.481211628079,251,72,8
12,3.3274179236912156,200,60,20
