sep=,
sprint,velocity,storyPoints,duration,idlePeriod
1,1.0127635960044394,73,72,8
2,1.7138146476917737,79,46,34
3,1.88351737637109,136,72,8
4,2.271332105586249,148,65,15
5,2.4595540008745083,180,73,7
6,2.5621934127540293,195,76,4
7,2.837928967480893,202,71,9
8,3.060069020058955,227,74,6
9,3.251721499617445,238,73,7
10,3.290035161984092,257,78,2
11,3.5447291808935057,263,74,6
12,3.62061427478413,265,73,7
