sep=,
sprint,velocity,storyPoints,duration,idlePeriod
1,1.0737294201861132,72,67,13
2,1.126126126126126,80,71,9
3,1.3847739276053073,86,62,18
4,2.2130293913445964,102,46,34
5,2.6639940176976444,171,64,16
6,2.831242024670353,213,75,5
7,2.742669362992922,217,79,1
8,3.0220694244205393,218,72,8
9,2.990712386849278,237,79,1
10,3.263838310269483,239,73,7
11,3.4746875887531954,261,75,5
12,3.6386086591004623,277,76,4
13,2.9509283819628647,89,30,50
