sep=,
sprint,velocity,storyPoints,duration,idlePeriod
1,2.050329454647413,78,38,42
2,2.373967420674747,164,69,11
3,2.503100379340531,183,73,7
4,2.8092558086473742,197,70,10
5,2.8066212662666037,222,79,1
6,2.732399520894331,219,80,0
7,3.0369567697045743,213,70,10
8,3.169276659209545,238,75,5
9,3.346019375045524,245,73,7
10,3.3323235383217207,264,79,1
11,3.0294601393188856,167,55,25
