sep=,
sprint,velocity,storyPoints,duration,idlePeriod
1,1.5489730096757766,73,47,33
2,1.9936024508920527,118,59,21
3,1.9590495449949443,155,79,1
4,1.9969278033794162,156,78,2
5,2.06072803640182,157,76,4
6,2.252337869687524,158,70,10
7,2.647548786292242,178,67,13
8,3.0050131024267976,211,70,10
9,3.3290257332284527,237,71,9
10,3.474092427017128,258,74,6
11,3.6243302867948315,276,76,4
12,3.5352305921926175,213,60,20
