sep=,
sprint,velocity,storyPoints,duration,idlePeriod
1,1.5599866881135946,75,48,32
2,2.097902097902098,124,59,21
3,2.222241936056208,167,75,5
4,2.4410089503661516,176,72,8
5,2.426202992317024,192,79,1
6,2.158973676328663,173,80,0
7,2.3488485484959867,167,71,9
8,2.783492678204042,184,66,14
9,3.149583855888724,221,70,10
10,3.596171911695632,245,68,12
11,3.5733526381359644,283,79,1
12,3.0424277354140807,183,60,20
