sep=,
sprint,velocity,storyPoints,duration,idlePeriod
1,2.7624309392265194,72,26,54
2,3.4635823035721813,219,63,17
3,3.8793595253489523,272,70,10
4,3.8521774275032836,305,79,1
5,3.787751254166526,300,79,1
6,3.753741270369139,301,80,0
7,3.7763968879458423,299,79,1
8,3.7425149700598803,300,80,0
9,3.4772364520787415,122,35,45
