sep=,
sprint,velocity,storyPoints,duration,idlePeriod
1,1.6561800471897876,73,44,36
2,1.8042646254784036,132,73,7
3,2.7974855235014866,143,51,29
4,2.7684139558402157,219,79,1
5,2.7462088500466337,212,77,3
6,3.079028395484092,216,70,10
7,3.0930177753837866,245,79,1
8,3.242150582799538,247,76,4
9,3.41525213508629,257,75,5
10,3.7203773726180227,265,71,9
11,3.5161873823323115,254,72,8
