sep=,
sprint,velocity,storyPoints,duration,idlePeriod
1,0.8868791845708005,71,80,0
2,1.878522229179712,64,34,46
3,2.2204543623620396,147,66,14
4,2.1867731823237944,173,79,1
5,2.738284437953696,170,62,18
6,2.8048564338886917,211,75,5
7,2.8258942271626832,221,78,2
8,3.07175622542595,225,73,7
9,3.325573661456601,240,72,8
10,3.4829309794746357,262,75,5
11,3.5693039857227844,272,76,4
12,3.5884329925780705,205,57,23
