sep=,
sprint,velocity,storyPoints,duration,idlePeriod
1,2.4953420282140004,75,30,50
2,2.443307975102828,179,73,7
3,2.322450353416358,184,79,1
4,2.5196588769520436,182,72,8
5,2.637795275590551,201,76,4
6,2.722934891601259,210,77,3
7,3.007317343582542,217,72,8
8,3.2845485851175327,234,71,9
9,3.311568754475093,259,78,2
10,3.6021723870395683,260,72,8
11,3.3347930070401186,264,79,1
