sep=,
sprint,velocity,storyPoints,duration,idlePeriod
1,2.2858001373626373,71,31,49
2,2.4896849212303076,177,71,9
3,2.5349948787982246,198,78,2
4,2.757964372828738,199,72,8
5,3.0349582224886658,216,71,9
6,3.1988188976377954,234,73,7
7,3.1697255430207107,251,79,1
8,3.172396359959555,251,79,1
9,3.234742584384589,253,78,2
10,3.3423152658306563,258,77,3
11,2.6369951119115,82,31,49
