sep=,
sprint,velocity,storyPoints,duration,idlePeriod
1,2.9024767801857583,70,24,56
2,3.679305912596401,229,62,18
3,3.642956949896866,292,80,0
4,3.7681284530386736,291,77,3
5,3.8020412287793044,301,79,1
6,3.7629585326953747,302,80,0
7,3.825225163755458,299,78,2
8,3.7520212909311415,297,79,1
9,3.1012898330804246,109,35,45
