sep=,
sprint,velocity,storyPoints,duration,idlePeriod
1,2.409583256838627,70,29,51
2,2.455873082580374,187,76,4
3,2.648559701216581,191,72,8
4,2.7830054683616217,209,75,5
5,2.7537305891467643,218,79,1
6,2.8644008409250175,218,76,4
7,2.893281442031954,226,78,2
8,3.2460840890354494,231,71,9
9,3.405946214432697,256,75,5
10,3.430385363689115,268,78,2
11,2.7549081697276754,116,42,38
