sep=,
sprint,velocity,storyPoints,duration,idlePeriod
1,1.2187415365171075,72,59,21
2,2.230206913641432,96,43,37
3,2.4141028520098806,172,71,9
4,2.383210221601118,191,80,0
5,2.6769441069258813,188,70,10
6,2.829937998228521,213,75,5
7,3.0586824137294704,221,72,8
8,3.2758744652550598,243,74,6
9,3.292904484742455,261,79,1
10,3.220598515362338,258,80,0
11,3.2765623400116044,256,78,2
12,3.2370517928286855,91,28,52
