sep=,
sprint,velocity,storyPoints,duration,idlePeriod
1,2.022625385261978,77,38,42
2,2.3048465393047293,157,68,12
3,2.587758775877588,184,71,9
4,2.646326276463263,204,77,3
5,2.793048412839156,210,75,5
6,3.094812504753936,217,70,10
7,3.323789028304639,243,73,7
8,3.2331941263640034,256,79,1
9,3.1961662848672687,253,79,1
10,3.4257660768234786,254,74,6
11,3.1317661614599444,135,43,37
