sep=,
sprint,velocity,storyPoints,duration,idlePeriod
1,1.4880952380952381,73,49,31
2,2.505662514156285,118,47,33
3,2.4820033434546755,194,78,2
4,2.469320562705777,198,80,0
5,2.521072927686585,197,78,2
6,2.5240627313724167,200,79,1
7,2.572174447174447,201,78,2
8,2.610030706243603,204,78,2
9,3.274349348293753,207,63,17
10,3.756015493563911,256,68,12
11,3.789920495890042,300,79,1
12,2.459784476026863,42,17,63
