sep=,
sprint,velocity,storyPoints,duration,idlePeriod
1,1.8660531697341514,73,39,41
2,1.9572858968896463,147,75,5
3,2.0068015467476865,155,77,3
4,2.010336370007008,153,76,4
5,2.0734182530795073,158,76,4
6,2.3702162099664705,164,69,11
7,3.1801512720605087,185,58,22
8,3.2315473960284753,253,78,2
9,3.2603136720081825,255,78,2
10,3.6780079832731425,258,70,10
11,3.6961348269250176,293,79,1
12,2.9808727332946923,96,32,48
