sep=,
sprint,velocity,storyPoints,duration,idlePeriod
1,1.715104498350026,79,46,34
2,2.223287850385806,136,61,19
3,2.285864424592748,174,76,4
4,2.4750618765469135,176,71,9
5,2.996126220644016,198,66,14
6,3.054599366074776,239,78,2
7,3.3817496396496285,244,72,8
8,3.4401323193397677,269,78,2
9,3.406708595387841,273,80,0
10,3.554067286843394,271,76,4
11,3.328402366863905,210,63,17
