sep=,
sprint,velocity,storyPoints,duration,idlePeriod
1,1.7824323467900374,75,42,38
2,1.8666526448627616,142,76,4
3,1.906020808459833,149,78,2
4,2.0663041891694642,151,73,7
5,2.0214934862987666,156,77,3
6,1.959691109409846,157,80,0
7,2.2252653200958576,156,70,10
8,2.864315139031926,178,62,18
9,3.410715704186194,229,67,13
10,3.4533919983628363,270,78,2
11,3.6220304676680515,272,75,5
12,3.638144879013849,255,70,10
