sep=,
sprint,velocity,storyPoints,duration,idlePeriod
1,1.5389330064488622,77,50,30
2,2.088276596774975,115,55,25
3,2.1085858585858586,167,79,1
4,1.8943858821944568,150,79,1
5,2.037530135655428,151,74,6
6,2.0095379326615217,159,79,1
7,2.6551366465229544,157,59,21
8,3.2745644309534696,210,64,16
9,3.248778021237148,257,79,1
10,3.3768395234758235,257,76,4
11,3.507742432735426,267,76,4
12,3.834426154339951,223,58,22
