sep=,
sprint,velocity,storyPoints,duration,idlePeriod
1,1.1764355492018108,79,67,13
2,2.5071890726096333,93,37,43
3,2.5184086725301698,197,78,2
4,2.388132623492149,189,79,1
5,2.4134851905516057,191,79,1
6,2.3569219513817297,189,80,0
7,2.6994249051289074,184,68,12
8,3.3031411002160547,212,64,16
9,3.4407284188408336,262,76,4
10,3.63225119744545,273,75,5
11,3.782439673589465,288,76,4
12,3.1039834454216244,112,36,44
