sep=,
sprint,velocity,storyPoints,duration,idlePeriod
1,1.072267920094007,73,68,12
2,1.7434137702014612,84,48,32
3,1.778949523907034,139,78,2
4,2.0539906103286385,140,68,12
5,2.4251974949858788,158,65,15
6,2.6359284167331585,185,70,10
7,3.1745071955496433,210,66,14
8,3.169191919191919,251,79,1
9,3.284863349684653,250,76,4
10,3.611444202952859,257,71,9
11,3.66895070566578,287,78,2
12,3.4621432027092403,229,66,14
