sep=,
sprint,velocity,storyPoints,duration,idlePeriod
1,1.5186397425940308,73,48,32
2,1.473968222244429,118,80,0
3,1.3868990104288141,111,80,0
4,1.27309036445332,102,80,0
5,1.5297202797202798,98,64,16
6,2.4105064834312313,116,48,32
7,2.607730719437766,188,72,8
8,2.9656667046880347,208,70,10
9,2.7904833424358277,218,78,2
10,2.934525091535645,218,74,6
11,3.382467786021085,231,68,12
12,3.666838862034611,265,72,8
13,3.525739827373613,244,69,11
