sep=,
sprint,velocity,storyPoints,duration,idlePeriod
1,2.691740412979351,73,27,53
2,3.3998903601248207,215,63,17
3,3.609581798957232,264,73,7
4,3.6865101037684327,288,78,2
5,3.676966102837118,291,79,1
6,3.5679829668318974,286,80,0
7,3.8810538974527167,284,73,7
8,3.899989770518635,305,78,2
9,3.3391405342624854,184,55,25
