sep=,
sprint,velocity,storyPoints,duration,idlePeriod
1,1.8883533558736783,70,37,43
2,1.9081688409261661,149,78,2
3,2.355253306713252,151,64,16
4,2.3551095637927504,184,78,2
5,2.3499090357792602,186,79,1
6,2.6234743926086463,184,70,10
7,2.5259329112218776,200,79,1
8,2.8943001582217422,200,69,11
9,3.132739437400658,226,72,8
10,3.3897069543665257,248,73,7
11,3.409894587950022,270,79,1
12,3.378128922690689,122,36,44
