sep=,
sprint,velocity,storyPoints,duration,idlePeriod
1,1.5168194152885157,79,52,28
2,1.7631156212044037,120,68,12
3,2.039000156470036,139,68,12
4,2.036401219213117,155,76,4
5,1.9845892690720277,159,80,0
6,1.9969666329625884,158,79,1
7,2.2946715937537254,154,67,13
8,2.7736686390532546,175,63,17
9,3.379347069184451,220,65,15
10,3.555575284090909,267,75,5
11,3.5432869422840767,277,78,2
12,3.5357106778462475,280,79,1
13,0.871224692997013,7,8,72
