sep=,
sprint,velocity,storyPoints,duration,idlePeriod
1,1.3839577688498552,79,57,23
2,1.996128720058069,110,55,25
3,2.5840638492738455,158,61,19
4,2.558321408366335,205,80,0
5,2.578883495145631,204,79,1
6,2.9356505401596995,200,68,12
7,3.0746432881379993,231,75,5
8,3.09822129664402,242,78,2
9,3.2483669412098837,244,75,5
10,3.440119437349354,255,74,6
11,3.308637817814447,262,79,1
