sep=,
sprint,velocity,storyPoints,duration,idlePeriod
1,1.9430051813471503,74,38,42
2,2.011138613861386,143,71,9
3,1.9849297056741175,157,79,1
4,1.9339139344262295,151,78,2
5,2.079836532146245,152,73,7
6,2.100194652187276,164,78,2
7,2.254887840708602,167,74,6
8,3.137415283944847,179,57,23
9,3.553528075808599,242,68,12
10,3.6161130888604704,279,77,3
11,3.7438259712053807,285,76,4
12,3.705979733119294,197,53,27
