sep=,
sprint,velocity,storyPoints,duration,idlePeriod
1,1.6420118343195265,74,45,35
2,2.204030226700252,126,57,23
3,2.5306571031929663,175,69,11
4,2.571638501102131,196,76,4
5,2.6411185914034183,204,77,3
6,3.0051272312951003,211,70,10
7,3.031724373187788,237,78,2
8,3.0679672750157327,234,76,4
9,3.0700424499696783,243,79,1
10,3.24261109929832,244,75,5
11,3.2712765957446805,246,75,5
