sep=,
sprint,velocity,storyPoints,duration,idlePeriod
1,2.3912341593348936,79,33,47
2,2.3634984833164814,187,79,1
3,2.3843256505062373,184,77,3
4,2.3460898502495837,188,80,0
5,2.3971873002343917,180,75,5
6,2.413566518398706,191,79,1
7,2.7539954337899544,193,70,10
8,2.7027257822106847,211,78,2
9,3.545587713068182,213,60,20
10,3.500067389985848,277,79,1
11,3.5850860420650097,280,78,2
12,0.8720930232558138,7,8,72
