sep=,
sprint,velocity,storyPoints,duration,idlePeriod
1,1.9453207150368035,74,38,42
2,1.9699913644214164,146,74,6
3,2.2797711288592204,153,67,13
4,2.624633431085044,179,68,12
5,3.3618581907090466,209,62,18
6,3.246042438531492,257,79,1
7,2.7042054185200164,214,79,1
8,3.108853242847228,215,69,11
9,3.648874061718098,245,67,13
10,3.6970389574947125,289,78,2
11,3.7586329024260667,283,75,5
