sep=,
sprint,velocity,storyPoints,duration,idlePeriod
1,1.8349334159182409,79,43,37
2,2.521950308238371,144,57,23
3,2.475831171893421,196,79,1
4,2.5209008701586764,197,78,2
5,2.86270578709951,198,69,11
6,3.212802573983314,229,71,9
7,3.2373916604108373,253,78,2
8,3.1461197855977625,252,80,0
9,3.1373159095623318,242,77,3
10,3.2265031098825157,249,77,3
11,2.899979514493496,151,52,28
