sep=,
sprint,velocity,storyPoints,duration,idlePeriod
1,1.6559796745508437,73,44,36
2,2.4844801502425793,127,51,29
3,2.507163323782235,196,78,2
4,2.169671689989236,172,79,1
5,2.175767918088737,170,78,2
6,2.375730994152047,169,71,9
7,2.4796207535947943,189,76,4
8,2.9797918683446274,197,66,14
9,3.1720567324169613,232,73,7
10,3.6504554517377534,249,68,12
11,3.7191582002902757,287,77,3
12,3.209381012406289,129,40,40
