sep=,
sprint,velocity,storyPoints,duration,idlePeriod
1,1.9224367509986684,77,40,40
2,1.8482133937194047,148,80,0
3,1.7973638663293836,144,80,0
4,1.7607978953678112,141,80,0
5,1.9005956124449706,137,72,8
6,1.8225699067909453,146,80,0
7,2.113337507827176,144,68,12
8,2.0597536617842875,165,80,0
9,2.4872206497401885,157,63,17
10,2.422577422577423,194,80,0
11,2.4964086752391297,190,76,4
12,2.51423469559651,199,79,1
13,2.602067636236201,198,76,4
14,2.7732583937287383,150,54,26
