sep=,
sprint,velocity,storyPoints,duration,idlePeriod
1,1.822691257740196,73,40,40
2,2.298247117815969,143,62,18
3,2.3531392916651894,177,75,5
4,2.29762578668709,184,80,0
5,2.423220308894017,182,75,5
6,2.6960233655358348,192,71,9
7,2.937263426151482,209,71,9
8,3.0061158909505545,232,77,3
9,3.5485624546992023,235,66,14
10,3.7634892086330933,279,74,6
11,3.683396124865447,292,79,1
12,2.7005317970308,65,24,56
