sep=,
sprint,velocity,storyPoints,duration,idlePeriod
1,1.8533772652388798,78,42,38
2,2.4112012771052282,145,60,20
3,2.2838458466453675,183,80,0
4,2.171959257040144,174,80,0
5,2.2114462325482256,166,75,5
6,2.347713453027741,174,74,6
7,2.6629616765080466,184,69,11
8,2.7275146354443853,205,75,5
9,2.7541944612896705,218,79,1
10,3.409968259414944,212,62,18
11,3.572712565162682,265,74,6
12,3.505377424866821,186,53,27
