sep=,
sprint,velocity,storyPoints,duration,idlePeriod
1,2.741904852340708,77,28,52
2,2.6540172553248853,210,79,1
3,2.408245433068246,193,80,0
4,2.0829868617994345,167,80,0
5,2.3097981065358733,162,70,10
6,2.9761904761904763,179,60,20
7,2.9416780354706686,230,78,2
8,2.7030213210279905,214,79,1
9,2.9679294823705926,211,71,9
10,3.5368802902055623,234,66,14
11,3.519290928050052,279,79,1
12,3.0797101449275366,34,11,69
