sep=,
sprint,velocity,storyPoints,duration,idlePeriod
1,1.6577873498073,78,47,33
2,1.893791105543376,129,68,12
3,1.9298518288260285,149,77,3
4,1.984607402282947,153,77,3
5,1.970855231724797,154,78,2
6,2.0904345973583296,157,75,5
7,2.4969733656174333,165,66,14
8,2.685705031310732,199,74,6
9,3.2188192625428167,213,66,14
10,3.36002159050018,249,74,6
11,3.6248404158307497,265,73,7
12,3.481697171381031,279,80,0
