sep=,
sprint,velocity,storyPoints,duration,idlePeriod
1,1.4101425810831985,72,51,29
2,2.0336225596529287,110,54,26
3,2.38199213942594,160,67,13
4,2.4433390548919327,186,76,4
5,2.9923885910709167,195,65,15
6,2.969871600444849,235,79,1
7,3.1396338867603233,236,75,5
8,3.170686518897797,251,79,1
9,3.141612273736626,249,79,1
10,3.142775403049376,249,79,1
11,3.3291999137373303,247,74,6
