sep=,
sprint,velocity,storyPoints,duration,idlePeriod
1,1.8305439330543933,77,42,38
2,1.8525331091023756,141,76,4
3,1.9017047906776001,141,74,6
4,1.9586648218609477,151,77,3
5,1.99624637433885,156,78,2
6,2.1501648928196673,153,71,9
7,2.220256446188341,169,76,4
8,2.789046653144016,176,63,17
9,3.307508939213349,222,67,13
10,3.500319420783646,263,75,5
11,3.5988231585583694,274,76,4
12,3.554944079531333,267,75,5
