sep=,
sprint,velocity,storyPoints,duration,idlePeriod
1,2.491142604074402,75,30,50
2,2.3580016583747927,182,77,3
3,2.197265625,174,79,1
4,2.1354770510809518,167,78,2
5,2.6823098394975573,164,61,19
6,2.6391554702495204,209,79,1
7,3.096990097459783,211,68,12
8,3.5338625166184405,241,68,12
9,3.41623167204176,274,80,0
10,3.4692588673061824,271,78,2
11,3.437236731255265,272,79,1
12,2.2633993239980685,25,11,69
