sep=,
sprint,velocity,storyPoints,duration,idlePeriod
1,1.6724479682854312,72,43,37
2,1.8712715266574118,133,71,9
3,2.913163775673087,146,50,30
4,2.245359590180294,180,80,0
5,2.2231953380267457,176,79,1
6,2.2595901208617972,172,76,4
7,2.4274089143702606,175,72,8
8,3.172976273551989,194,61,19
9,3.1234193222053617,247,79,1
10,3.1658317861771814,241,76,4
11,3.6570320761367645,249,68,12
12,3.4676800938247103,205,59,21
