sep=,
sprint,velocity,storyPoints,duration,idlePeriod
1,1.6876901622718052,71,42,38
2,2.596537949400799,130,50,30
3,2.558406549520767,205,80,0
4,2.160764228190181,171,79,1
5,2.152153861920541,168,78,2
6,2.458731872878741,170,69,11
7,2.449794338253085,189,77,3
8,2.8024009222085304,188,67,13
9,2.9661016949152543,217,73,7
10,3.364891068780655,236,70,10
11,3.5825880831806916,266,74,6
12,3.5035753431807506,179,51,29
