sep=,
sprint,velocity,storyPoints,duration,idlePeriod
1,0.8989811546913499,72,80,0
2,1.266229133970609,71,56,24
3,1.261112775946459,101,80,0
4,1.9746688099329306,95,48,32
5,1.9214133617247804,154,80,0
6,1.9109075770191508,153,80,0
7,1.8584733078330284,149,80,0
8,2.468256932125852,141,57,23
9,2.704026920090227,195,72,8
10,2.6740665993945507,212,79,1
11,3.0824330671676843,210,68,12
12,3.0987449434705945,239,77,3
13,3.2918405525974963,244,74,6
14,3.19926873857404,154,48,32
