sep=,
sprint,velocity,storyPoints,duration,idlePeriod
1,2.246069378587472,72,32,48
2,2.6857924596628178,178,66,14
3,2.7008380170295827,214,79,1
4,2.735826543483449,214,78,2
5,2.8505622307072547,217,76,4
6,2.8672235508100643,227,79,1
7,3.0341743851804535,228,75,5
8,3.223104377594872,236,73,7
9,3.3558220016079985,256,76,4
10,3.344608239095315,265,79,1
11,2.5881423582238483,83,32,48
