sep=,
sprint,velocity,storyPoints,duration,idlePeriod
1,2.176190859998388,72,33,47
2,2.3990288268845386,166,69,11
3,2.43198962351094,190,78,2
4,2.7306877287613176,189,69,11
5,2.8847190768898954,214,74,6
6,3.017844646606018,230,76,4
7,3.0702053626253667,240,78,2
8,3.0074875207986684,241,80,0
9,3.3502509124087587,235,70,10
10,3.5277009802161503,262,74,6
11,3.470781107329626,223,64,16
