sep=,
sprint,velocity,storyPoints,duration,idlePeriod
1,1.509268182075846,71,47,33
2,1.8707195400355119,118,63,17
3,1.9171510609986693,146,76,4
4,2.009617773361252,151,75,5
5,2.0103509895815774,159,79,1
6,2.223658202828037,156,70,10
7,2.422940975257497,170,70,10
8,2.8454234864134755,191,67,13
9,3.1950096991365866,224,70,10
10,3.491078355314197,252,72,8
11,3.707608348984727,279,75,5
12,3.629932985852569,273,75,5
