sep=,
sprint,velocity,storyPoints,duration,idlePeriod
1,3.353879622915156,74,22,58
2,3.6789112635538834,266,72,8
3,3.663342989961598,290,79,1
4,3.7142614023145,291,78,2
5,3.721239235737352,295,79,1
6,3.7333512713574604,296,79,1
7,3.7797527837368476,296,78,2
8,3.683024452591571,292,79,1
9,3.4428236254207896,90,26,54
