sep=,
sprint,velocity,storyPoints,duration,idlePeriod
1,1.916156890967974,71,37,43
2,2.0527698708123494,150,73,7
3,2.0581501060641774,163,79,1
4,2.0223810165835245,160,79,1
5,1.8718179095537588,150,80,0
6,2.282236591860023,144,63,17
7,2.432873321833046,173,71,9
8,3.106356495986952,193,62,18
9,3.1234193222053617,247,79,1
10,3.3478482673177132,245,73,7
11,3.5236915904869432,258,73,7
12,3.568692285979273,236,66,14
