sep=,
sprint,velocity,storyPoints,duration,idlePeriod
1,0.9210890472566249,71,77,3
2,0.9090443511215814,71,78,2
3,1.5729308205825014,71,45,35
4,2.5977024764763605,120,46,34
5,2.3740571120689653,188,79,1
6,2.1718634251464746,172,79,1
7,2.2765644083626695,169,74,6
8,3.2566217976552325,180,55,25
9,3.2699818194061008,259,79,1
10,3.616828646391486,261,72,8
11,3.5609657541165776,282,79,1
12,3.6781212225867725,284,77,3
13,3.3143939393939394,133,40,40
