sep=,
sprint,velocity,storyPoints,duration,idlePeriod
1,0.9720972097209721,72,74,6
2,1.0265769362381658,72,70,10
3,1.093766879118505,81,74,6
4,1.570970921636274,85,54,26
5,1.899060126174842,118,62,18
6,2.3396556026952835,150,64,16
7,2.74300801877567,187,68,12
8,2.7576385292594514,213,77,3
9,3.170502583372475,216,68,12
10,3.162369530655976,244,77,3
11,3.4013915197435525,249,73,7
12,3.5142317644590526,268,76,4
13,3.6990384274207853,278,75,5
14,2.0651348271933156,29,14,66
