sep=,
sprint,velocity,storyPoints,duration,idlePeriod
1,2.871729419272495,72,25,55
2,3.574802473376846,222,62,18
3,3.7169024936957133,283,76,4
4,3.7349068831434615,292,78,2
5,3.7390103412267996,296,79,1
6,3.7488639806119357,297,79,1
7,3.718059622038861,298,80,0
8,3.255712218595417,258,79,1
9,3.4282980759009245,172,50,30
