sep=,
sprint,velocity,storyPoints,duration,idlePeriod
1,2.6009501187648456,73,28,52
2,3.4645993413830953,202,58,22
3,3.590067049146333,277,77,3
4,3.6861160667436246,281,76,4
5,3.619593731082263,287,79,1
6,3.5973947288700394,285,79,1
7,3.6163361275812718,283,78,2
8,3.649481411637931,289,79,1
9,3.5989456609894566,213,59,21
