sep=,
sprint,velocity,storyPoints,duration,idlePeriod
1,2.1354089631711286,77,36,44
2,2.301889583256296,166,72,8
3,2.249443957673384,178,79,1
4,2.6722090261282663,174,65,15
5,3.065841171568044,206,67,13
6,3.254804711717297,238,73,7
7,3.2796944137168142,253,77,3
8,3.235155354856103,256,79,1
9,3.195305132695675,253,79,1
10,3.210529863826345,254,79,1
11,3.128476084538376,135,43,37
