sep=,
sprint,velocity,storyPoints,duration,idlePeriod
1,2.173572491579854,74,34,46
2,2.2448015122873346,171,76,4
3,2.419178481612421,177,73,7
4,2.3831309266345038,191,80,0
5,2.4466349904262112,184,75,5
6,2.69281914893617,189,70,10
7,2.697657768231564,211,78,2
8,3.022266371780935,215,71,9
9,3.0443087628338503,238,78,2
10,3.3593837849994377,239,71,9
11,3.556928825494916,264,74,6
12,2.6283387005114602,37,14,66
