sep=,
sprint,velocity,storyPoints,duration,idlePeriod
1,1.4980857792820286,72,48,32
2,2.525550895019791,114,45,35
3,2.602727900552486,201,77,3
4,2.6192040385878776,202,77,3
5,2.6024120738444956,206,79,1
6,2.728385860306644,205,75,5
7,3.049923166298115,217,71,9
8,3.3552704551336565,242,72,8
9,3.4125766871165646,267,78,2
10,3.432725314666487,272,79,1
11,3.2439738679882857,192,59,21
