sep=,
sprint,velocity,storyPoints,duration,idlePeriod
1,1.7475534252047136,70,40,40
2,2.011616239580117,139,69,11
3,2.2814555686528,160,70,10
4,2.5955504848830575,182,70,10
5,2.979856172275418,200,67,13
6,3.0604834526403155,236,77,3
7,3.1263135771332493,238,76,4
8,3.007278118471595,238,79,1
9,3.112143566463328,234,75,5
10,3.2768168578517747,243,74,6
11,3.2419254443599144,250,77,3
