sep=,
sprint,velocity,storyPoints,duration,idlePeriod
1,1.6240075509410916,78,48,32
2,1.8408935230991703,129,70,10
3,2.1500532394135474,140,65,15
4,2.137590879612247,167,78,2
5,2.0863198853164038,163,78,2
6,2.100041482300885,162,77,3
7,2.2161018494874694,162,73,7
8,3.097582602202725,177,57,23
9,3.378748084920114,247,73,7
10,3.4166524483876475,267,78,2
11,3.6151079136690645,268,74,6
12,3.642160381740636,230,63,17
