sep=,
sprint,velocity,storyPoints,duration,idlePeriod
1,2.833049585018089,71,25,55
2,3.563283922462942,225,63,17
3,3.5883958354391994,284,79,1
4,3.582007588364508,287,80,0
5,3.7273695420660276,280,75,5
6,3.696534552152262,289,78,2
7,3.714497489976753,294,79,1
8,3.7059528166905134,297,80,0
9,3.534667206384086,163,46,34
