sep=,
sprint,velocity,storyPoints,duration,idlePeriod
1,1.4677901603696657,72,49,31
2,2.033121395830253,110,54,26
3,2.0428313642708797,160,78,2
4,1.971326164874552,154,78,2
5,1.9971323228185172,156,78,2
6,1.971401535064662,150,76,4
7,2.4706478587718554,156,63,17
8,2.820854067816225,195,69,11
9,3.254580520732883,225,69,11
10,3.5917680559150917,259,72,8
11,3.662534576375372,286,78,2
12,3.602007410871677,267,74,6
