sep=,
sprint,velocity,storyPoints,duration,idlePeriod
1,1.272278290745115,79,62,18
2,1.460775995063252,101,69,11
3,1.979131361061347,109,55,25
4,1.9843944858269573,157,79,1
5,2.0921081800044337,151,72,8
6,2.2709861004706138,166,73,7
7,2.995739392863483,180,60,20
8,2.9807593900317264,233,78,2
9,3.308865477503518,232,70,10
10,3.571167949793848,261,73,7
11,3.530615725737677,276,78,2
12,3.43132361748852,275,80,0
13,2.571008814887365,49,19,61
