sep=,
sprint,velocity,storyPoints,duration,idlePeriod
1,1.2841854934601664,72,56,24
2,1.479627860613864,95,64,16
3,1.8100112345524906,116,64,16
4,1.8349111796617381,138,75,5
5,2.279731498290201,144,63,17
6,2.5025306489708696,178,71,9
7,2.9328278216681887,197,67,13
8,2.9937566101463613,234,78,2
9,3.3747864059236754,237,70,10
10,3.4434203789042495,269,78,2
11,3.4297242770679217,272,79,1
12,3.399332061068703,266,78,2
13,2.7335984095427435,44,16,64
