sep=,
sprint,velocity,storyPoints,duration,idlePeriod
1,2.6876215828811305,70,26,54
2,3.3838273757628596,207,61,19
3,3.545238865523563,263,74,6
4,3.8188197193234976,283,74,6
5,3.7994816211121583,301,79,1
6,3.7860940970586254,300,79,1
7,3.7674465646281434,298,79,1
8,3.751642132920133,297,79,1
9,3.341758299025483,171,51,29
