sep=,
sprint,velocity,storyPoints,duration,idlePeriod
1,1.0668755401901469,79,74,6
2,1.1061946902654867,82,74,6
3,2.354657605082367,85,36,44
4,2.4114921864195824,186,77,3
5,2.7105683633873543,190,70,10
6,2.7617384689855475,213,77,3
7,2.9630775953100534,217,73,7
8,2.946482767923383,233,79,1
9,3.189011314057532,230,72,8
10,3.4668293765254052,250,72,8
11,3.610692902909562,275,76,4
12,3.3618462261196367,229,68,12
