sep=,
sprint,velocity,storyPoints,duration,idlePeriod
1,1.8348197696023785,79,43,37
2,1.9670697945504882,144,73,7
3,1.9225580140313006,152,79,1
4,1.9459902359086407,152,78,2
5,1.9337063125610867,153,79,1
6,2.2145669291338583,153,69,11
7,2.5456088247772595,176,69,11
8,3.121039290240811,197,63,17
9,3.0961447732021297,245,79,1
10,3.621676403958507,243,67,13
11,3.6584117887842815,286,78,2
12,3.4382640586797066,210,61,19
