sep=,
sprint,velocity,storyPoints,duration,idlePeriod
1,0.9615384615384616,77,80,0
2,0.9827505280450598,67,68,12
3,0.984775896944533,74,75,5
4,2.074502478626338,77,37,43
5,2.2856562373019096,165,72,8
6,2.7002700270027002,176,65,15
7,2.6969350719182685,214,79,1
8,2.8196474784919916,215,76,4
9,3.1133899461672603,219,70,10
10,3.226991289747088,246,76,4
11,3.381211994128748,258,76,4
12,3.5096998601498903,261,74,6
13,3.3949335548172757,218,64,16
