sep=,
sprint,velocity,storyPoints,duration,idlePeriod
1,1.1606268364348677,79,68,12
2,2.14104976318692,88,41,39
3,2.588680500686156,166,64,16
4,2.5901280323450138,205,79,1
5,2.755825547472211,199,72,8
6,2.8533877494552624,220,77,3
7,3.0585297499281405,227,74,6
8,3.221283543944342,242,75,5
9,3.571294664617,254,71,9
10,3.6966898412368994,285,77,3
11,3.669826439799502,287,78,2
12,1.0605556479787057,17,16,64
