sep=,
sprint,velocity,storyPoints,duration,idlePeriod
1,1.9688309962118695,79,40,40
2,1.9232690578479368,154,80,0
3,1.8972174144587937,152,80,0
4,2.093655254011684,151,72,8
5,1.9740787632438195,158,80,0
6,2.403145936498689,154,64,16
7,2.6972089750605894,184,68,12
8,2.8746491038652557,213,74,6
9,2.7973891035033964,224,80,0
10,2.9680490206806,217,73,7
11,3.1026952167891766,233,75,5
12,3.4304352716229896,244,71,9
13,1.6841317365269461,27,16,64
