sep=,
sprint,velocity,storyPoints,duration,idlePeriod
1,1.3386796721806022,71,53,27
2,1.3023028423075627,103,79,1
3,1.3525106800196092,103,76,4
4,1.5051202220638433,107,71,9
5,1.998312536080643,120,60,20
6,2.1747455957982273,159,73,7
7,2.2591152674162025,172,76,4
8,2.2527134958017614,176,78,2
9,2.22476909593474,176,79,1
10,2.6625786670969824,176,66,14
11,3.3791031967388974,210,62,18
12,3.600582566168009,267,74,6
13,3.6342834068041863,288,79,1
14,3.2522031053294165,62,19,61
