sep=,
sprint,velocity,storyPoints,duration,idlePeriod
1,2.139842101149066,73,34,46
2,2.071964529331514,162,78,2
3,2.1585485810047724,158,73,7
4,2.5354450090149157,165,65,15
5,2.5709461764103967,201,78,2
6,2.932895354293759,200,68,12
7,3.2457924912150915,234,72,8
8,3.1915954652747764,256,80,0
9,3.3307562299974833,247,74,6
10,3.5660934198061645,261,73,7
11,3.5620452708164914,282,79,1
12,1.9876325088339222,24,12,68
