sep=,
sprint,velocity,storyPoints,duration,idlePeriod
1,1.5999889178256774,77,48,32
2,1.830339711050371,125,68,12
3,2.355246871131894,137,58,22
4,2.4755139382197826,184,74,6
5,2.8451761987290585,197,69,11
6,2.9328165374677,227,77,3
7,3.3981720178111083,232,68,12
8,3.3518145161290325,266,79,1
9,3.444049304284777,266,77,3
10,3.372996116698198,271,80,0
11,3.3286236702127656,267,80,0
12,1.9858781994704324,18,9,71
