sep=,
sprint,velocity,storyPoints,duration,idlePeriod
1,1.6644474034620507,70,42,38
2,1.8663194444444444,129,69,11
3,1.8800567042389877,145,77,3
4,2.01128947565824,143,71,9
5,1.9959739329216284,156,78,2
6,2.1324681952393103,156,73,7
7,2.1397447868036106,165,77,3
8,3.1410130074891605,170,54,26
9,3.3786248404158306,247,73,7
10,3.446071996130726,266,77,3
11,3.50431431397292,274,78,2
12,3.5786504895700295,269,75,5
