sep=,
sprint,velocity,storyPoints,duration,idlePeriod
1,2.022508269811592,75,37,43
2,2.0737566100991947,160,77,3
3,2.0862486774292637,163,78,2
4,2.059947456412706,161,78,2
5,1.7534537725823591,132,75,5
6,1.9542966406718658,139,71,9
7,2.2897177971740574,156,68,12
8,3.1136300027987684,178,57,23
9,3.1502800248911016,243,77,3
10,3.340609028960818,251,75,5
11,3.555409692593808,260,73,7
12,3.4345747188362856,272,79,1
