sep=,
sprint,velocity,storyPoints,duration,idlePeriod
1,1.9428691451375761,74,38,42
2,1.9956987679521763,146,73,7
3,2.382286995515695,153,64,16
4,2.7804642166344293,184,66,14
5,2.7547513141932876,218,79,1
6,2.7435070333543945,220,80,0
7,2.764313844289609,219,79,1
8,3.21491485613623,219,68,12
9,3.184606052436476,252,79,1
10,3.6159216261040616,250,69,11
11,3.6842464351504405,288,78,2
12,2.0448197898656733,41,20,60
