sep=,
sprint,velocity,storyPoints,duration,idlePeriod
1,1.7662019593067069,75,42,38
2,1.8747340802723018,141,75,5
3,1.7942583732057416,142,79,1
4,2.090962050599201,134,64,16
5,2.655921363265657,165,62,18
6,2.716915753736306,207,76,4
7,3.004492699363534,214,71,9
8,2.967171717171717,235,79,1
9,3.2596478081678533,232,71,9
10,3.6696717521960243,254,69,11
11,3.7203395608891316,291,78,2
12,3.6313081009296146,175,48,32
