sep=,
sprint,velocity,storyPoints,duration,idlePeriod
1,2.022653721682848,75,37,43
2,2.1304548521109257,160,75,5
3,2.5237769001370194,167,66,14
4,2.5406161520830524,201,79,1
5,2.7587800369685764,199,72,8
6,2.927263570632037,217,74,6
7,3.0467253246292487,229,75,5
8,3.1373159095623318,242,77,3
9,3.214544951781826,248,77,3
10,3.198321197411003,253,79,1
11,2.920972287458901,199,68,12
