sep=,
sprint,velocity,storyPoints,duration,idlePeriod
1,0.9853811991117691,71,72,8
2,1.8968386023294508,76,40,40
3,1.8585969464125336,149,80,0
4,1.8220846645367412,146,80,0
5,1.980975249353528,143,72,8
6,2.3373223635003737,150,64,16
7,2.461437479488021,180,73,7
8,2.734480496932752,189,69,11
9,2.701526170234559,211,78,2
10,2.99456541831491,216,72,8
11,3.008089841616603,235,78,2
12,3.364379395552177,236,70,10
13,3.678772698810269,188,51,29
