sep=,
sprint,velocity,storyPoints,duration,idlePeriod
1,3.396328945779495,75,22,58
2,3.518291615613513,268,76,4
3,3.5409919890915287,277,78,2
4,3.5743154491259976,283,79,1
5,3.5888795282224093,284,79,1
6,3.5299693986162857,283,80,0
7,3.6870188943317004,281,76,4
8,3.6497272176197213,289,79,1
9,3.3268275372604683,150,45,35
