sep=,
sprint,velocity,storyPoints,duration,idlePeriod
1,1.596499526963103,72,45,35
2,2.028530297081534,124,61,19
3,2.1890619869385968,160,73,7
4,2.523967912345921,172,68,12
5,2.810673062509369,200,71,9
6,3.119302643573382,219,70,10
7,3.0820550361028847,247,80,0
8,3.080808080808081,244,79,1
9,3.3515529785426748,242,72,8
10,3.470543545824988,268,77,3
11,3.7383695170580413,270,72,8
12,2.740863787375415,44,16,64
