sep=,
sprint,velocity,storyPoints,duration,idlePeriod
1,2.5444709334311386,74,29,51
2,2.504985044865404,201,80,0
3,2.5018147879290678,193,77,3
4,2.107876135981151,167,79,1
5,2.0736619333697437,162,78,2
6,2.5400840264082998,158,62,18
7,2.9473293188394463,201,68,12
8,2.903258381580719,230,79,1
9,2.8933453057966676,232,80,0
10,3.5916206067254546,227,63,17
11,3.706583722135822,286,77,3
12,3.2734132268086995,59,18,62
