sep=,
sprint,velocity,storyPoints,duration,idlePeriod
1,2.5287301738056795,71,28,52
2,2.6566096087456845,197,74,6
3,2.7013417090573895,211,78,2
4,2.6556837450543607,213,80,0
5,2.8229529152759034,212,75,5
6,2.994995030526764,225,75,5
7,3.0316209578387228,237,78,2
8,3.2995674516617988,238,72,8
9,3.353585691367717,262,78,2
10,3.395893819991705,262,77,3
11,2.0628160766569072,62,30,50
