sep=,
sprint,velocity,storyPoints,duration,idlePeriod
1,0.9853603603603603,77,78,2
2,1.0394542640123836,77,74,6
3,1.8541968162083937,82,44,36
4,2.3236943051047505,147,63,17
5,2.3176921483322976,179,77,3
6,2.3435072333667093,181,77,3
7,2.594913035346923,185,71,9
8,3.1295355587808413,207,66,14
9,3.4011724366773586,246,72,8
10,3.4356799836517826,269,78,2
11,3.405462045106779,273,80,0
12,3.6371147352539692,270,74,6
13,3.0659595624792844,74,24,56
