sep=,
sprint,velocity,storyPoints,duration,idlePeriod
1,1.4286087047281077,73,51,29
2,1.5101938082053863,112,74,6
3,1.9782226430407142,117,59,21
4,2.1947101857062465,156,71,9
5,3.1138790035587185,175,56,24
6,3.0196085037566123,239,79,1
7,3.1975175391257418,237,74,6
8,3.179997980953663,252,79,1
9,3.3328667903005704,254,76,4
10,3.867640739149119,264,68,12
11,3.8119761688377256,302,79,1
12,3.0161844041196666,82,27,53
