sep=,
sprint,velocity,storyPoints,duration,idlePeriod
1,1.4269703919933279,73,51,29
2,1.5382124352331608,114,74,6
3,1.8543172308862685,117,63,17
4,2.4424364737180078,142,58,22
5,2.807037851603195,194,69,11
6,3.0471141233056405,223,73,7
7,3.0685950969827585,243,79,1
8,1.5214499501163952,122,80,0
9,0.635131865473022,49,77,3
10,2.5263307714204384,71,28,52
11,3.009176498629484,202,67,13
12,3.5412450898702534,238,67,13
13,3.6026981909855893,282,78,2
14,3.1464130890784507,120,38,42
