sep=,
sprint,velocity,storyPoints,duration,idlePeriod
1,1.6224761482138896,78,48,32
2,2.0133129637712788,123,61,19
3,2.508621764241492,161,64,16
4,2.6262036766851473,192,73,7
5,2.6882638082883865,210,78,2
6,3.0968688845401173,211,68,12
7,3.1428863450531477,246,78,2
8,3.5255449846430444,251,71,9
9,3.4315519765739384,275,80,0
10,3.4386272460641205,272,79,1
11,3.31399063032368,249,75,5
