sep=,
sprint,velocity,storyPoints,duration,idlePeriod
1,1.4268630755014404,70,49,31
2,1.83286057167794,112,61,19
3,2.1280134627426426,145,68,12
4,2.9385698959839543,168,57,23
5,2.817269143954452,223,79,1
6,2.886969170184837,217,75,5
7,3.1178208073514933,228,73,7
8,3.3063630891257394,249,75,5
9,3.4201616803703447,264,77,3
10,3.4942658201925045,273,78,2
11,3.5283289016158723,276,78,2
12,2.8928807582102714,35,12,68
