sep=,
sprint,velocity,storyPoints,duration,idlePeriod
1,2.401646843549863,77,32,48
2,2.623046376917192,192,73,7
3,2.4471055198627605,194,79,1
4,2.3735775368662044,188,79,1
5,2.297515653403353,182,79,1
6,2.615909353682507,181,69,11
7,2.7764798907378787,206,74,6
8,3.2057453117178176,222,69,11
9,3.3624539268500144,253,75,5
10,3.6447526482472425,267,73,7
11,3.671579162828779,287,78,2
12,1.9864626250735726,18,9,71
