sep=,
sprint,velocity,storyPoints,duration,idlePeriod
1,1.068890205078848,77,72,8
2,1.0493354209000965,84,80,0
3,1.023873738887224,82,80,0
4,1.6829187212587955,81,48,32
5,2.0444046776811353,131,64,16
6,2.1174249235748968,157,74,6
7,2.841806125670982,168,59,21
8,2.8870380739081742,220,76,4
9,2.916396629941672,228,78,2
10,2.99357224314891,231,77,3
11,3.140951901646416,233,74,6
12,3.357725916070337,249,74,6
13,3.547547585578055,249,70,10
