sep=,
sprint,velocity,storyPoints,duration,idlePeriod
1,1.298747509251352,73,56,24
2,1.4543173263374016,102,70,10
3,1.8746560264171712,109,58,22
4,2.3159068490800703,144,62,18
5,2.4528824833702885,177,72,8
6,2.9024530079036817,189,65,15
7,3.3272895609906645,230,69,11
8,3.508025938131179,264,75,5
9,3.483206569293935,276,79,1
10,2.4521193613701993,197,80,0
11,2.360872639127361,187,79,1
12,2.3053534044462167,185,80,0
13,3.1549815498154983,57,18,62
