sep=,
sprint,velocity,storyPoints,duration,idlePeriod
1,1.025488202503243,78,76,4
2,1.067012001605078,78,73,7
3,2.021103896103896,83,41,39
4,2.4642322408916986,158,64,16
5,2.6296389528193322,195,74,6
6,2.6590304765800776,208,78,2
7,2.818649175678071,212,75,5
8,2.992233491737003,225,75,5
9,3.3394447354635934,238,71,9
10,3.367470487337302,267,79,1
11,3.4849374697712983,269,77,3
12,3.5138731906515477,257,73,7
