sep=,
sprint,velocity,storyPoints,duration,idlePeriod
1,1.663919878296146,70,42,38
2,1.6511365963547,129,78,2
3,1.86130082592122,125,67,13
4,2.0684342665855144,145,70,10
5,2.0598222310995706,165,80,0
6,2.0482821403283995,162,79,1
7,2.4192572880125804,160,66,14
8,2.832570153810027,193,68,12
9,2.8805776518384483,225,78,2
10,2.9702199778638625,229,77,3
11,3.351780009128252,235,70,10
12,3.7491574926982705,267,71,9
13,3.135759960649287,85,27,53
