sep=,
sprint,velocity,storyPoints,duration,idlePeriod
1,1.49708899362351,72,48,32
2,1.9783017569613284,115,58,22
3,2.53686916520092,150,59,21
4,2.6951272100043124,200,74,6
5,2.7246213671715105,213,78,2
6,2.7756932837602752,217,78,2
7,2.767014824797844,219,79,1
8,2.751706484641638,215,78,2
9,3.322593636729762,220,66,14
10,3.4157954663078356,264,77,3
11,3.5379803704727677,273,77,3
12,2.882057345551286,104,36,44
