sep=,
sprint,velocity,storyPoints,duration,idlePeriod
1,2.781211372064277,78,28,52
2,3.5698970840480273,222,62,18
3,3.6017591750075826,285,79,1
4,3.8152502157031924,283,74,6
5,3.791027900635163,304,80,0
6,3.82457277347614,299,78,2
7,3.663713236532695,290,79,1
8,3.7699509431354934,291,77,3
9,3.434430581364481,138,40,40
