sep=,
sprint,velocity,storyPoints,duration,idlePeriod
1,1.0249174741774039,77,75,5
2,2.097902097902098,80,38,42
3,2.35114239556889,163,69,11
4,2.6042628643197516,188,72,8
5,2.614516672280229,207,79,1
6,2.7281312301073766,208,76,4
7,2.861793740810754,218,76,4
8,3.4388448698869807,228,66,14
9,3.4348060344827585,272,79,1
10,3.4280451615103864,268,78,2
11,3.3355459674742782,268,80,0
12,3.0796605529701613,90,29,51
