sep=,
sprint,velocity,storyPoints,duration,idlePeriod
1,3.15260189422156,79,25,55
2,3.797047077332688,251,66,14
3,3.7728389245936946,299,79,1
4,3.742017030335285,300,80,0
5,3.76110662358643,298,79,1
6,3.715498938428875,294,79,1
7,3.71062197092084,294,79,1
8,3.77412326208757,291,77,3
9,2.797016515716569,84,30,50
